City,TotalSales
" Atlanta",502066.34000000014
" Austin",326597.0499999996
" Boston",698947.2999999851
" Dallas",511043.61999999976
" Los Angeles",988670.349999958
" New York City",886477.9099999686
" Portland",424270.07999999967
" San Francisco",1556562.4699999236
" Seattle",536153.6799999994
